_MeanReward,Steps,_mean_obs,_min_obs,_max_obs,_std_obs,_mean_act,_min_act,_max_act,_std_act,_mean_adv,_min_adv,_max_adv,_std_adv,_mean_discrew,_min_discrew,_max_discrew,_std_discrew,_Episode,PolicyLoss,PolicyEntropy,KL,Beta,_lr_multiplier,ValFuncLoss,ExplainedVarNew,ExplainedVarOld
-8.225511982556851,7,0.11695126389341187,-0.5942854542809245,1.19932572260527,0.030623455059877444,0.22637277761740343,-1.4137616157531738,1.4389374256134033,0.309544744446402,-4.7580986769649563e-17,-2.2816914978951623,0.9844341313929249,0.9999415365814368,-0.02631331915739665,-0.040408636926909956,-0.014653072924681711,7.676072820581015e-05,1,-0.13425072,3.6458943,0.012199231,1.5,1.0,0.0002242811223569383,-0.7309509273226691,-14.09497082806602
