_MeanReward,Steps,_mean_obs,_min_obs,_max_obs,_std_obs,_mean_act,_min_act,_max_act,_std_act,_mean_adv,_min_adv,_max_adv,_std_adv,_mean_discrew,_min_discrew,_max_discrew,_std_discrew,_Episode,PolicyLoss,PolicyEntropy,KL,Beta,_lr_multiplier,ValFuncLoss,ExplainedVarNew,ExplainedVarOld
-26.20280621178867,20,-0.004008090283085643,-1.3028832976116105,1.4299848992047999,0.09923582592162485,-0.10756099389400334,-2.1964163780212402,1.7147945165634155,0.4170581872054496,6.661338147750939e-17,-1.3516531199469035,2.2247992714520017,0.9999470685675856,-0.0755474196532574,-0.1313911094844826,-0.014056734133276004,0.0013342442430830767,1,-0.117513455,3.6464632,0.012662446,1.5,1.0,0.00025857606589432694,0.8350008848784963,-0.24063006807985277
