_MeanReward,Steps,_mean_obs,_min_obs,_max_obs,_std_obs,_mean_act,_min_act,_max_act,_std_act,_mean_adv,_min_adv,_max_adv,_std_adv,_mean_discrew,_min_discrew,_max_discrew,_std_discrew,_Episode,PolicyLoss,PolicyEntropy,KL,Beta,_lr_multiplier,ValFuncLoss,ExplainedVarNew,ExplainedVarOld
-14.836245908911447,17,0.02059291316383951,-0.965904719873911,1.1716378391782205,0.08403932696189419,0.03608908608336659,-1.7213157415390015,1.480607271194458,0.41094748610344595,3.918434204559376e-17,-1.4094695978933383,1.7334240831073344,0.9999773082841218,-0.06303931033786017,-0.08205612681089854,-0.011005738984402593,0.0005076524129548431,1,-0.10877555,3.671544,0.013180158,1.5,1.0,0.0019265807719693181,-2.2847392820931076,-14.135239395061298
