_MeanReward,Steps,_mean_obs,_min_obs,_max_obs,_std_obs,_mean_act,_min_act,_max_act,_std_act,_mean_adv,_min_adv,_max_adv,_std_adv,_mean_discrew,_min_discrew,_max_discrew,_std_discrew,_Episode,PolicyLoss,PolicyEntropy,KL,Beta,_lr_multiplier,ValFuncLoss,ExplainedVarNew,ExplainedVarOld
-3.1459736693747367,28,-0.0075449137428686645,-0.8552343220292338,0.7485866440729114,0.06425689283839804,-0.016903763437377557,-1.676783800125122,1.443682312965393,0.37598190210445576,-7.83723284682379e-17,-1.9087101093728474,1.6965954848600384,0.9999284656619436,0.004547789255472295,-0.020046766844148037,0.02309766067776317,0.00017423316825190797,1,-0.101674035,3.652886,0.01495581,1.5,1.0,0.0005008311009735881,-1.536339249376911,-2.5076107936751955
