_MeanReward,Steps,_mean_obs,_min_obs,_max_obs,_std_obs,_mean_act,_min_act,_max_act,_std_act,_mean_adv,_min_adv,_max_adv,_std_adv,_mean_discrew,_min_discrew,_max_discrew,_std_discrew,_Episode,PolicyLoss,PolicyEntropy,KL,Beta,_lr_multiplier,ValFuncLoss,ExplainedVarNew,ExplainedVarOld
-0.03241317734072648,162,0.04728910815965735,-0.8419507091820185,0.7850437022936699,0.030874192349814616,0.08305891396845748,-1.9407240152359009,1.9897843599319458,0.3998047184675644,-8.77213254024815e-17,-3.2507251917802042,1.9596696736552697,0.9998390525933973,-0.0049967627112524,-0.028770236370993806,0.02219679874321831,0.00011190068951741063,10,-0.023450289,3.516087,0.012162406,1.5,1.0,0.00012203446201081274,-0.032701276100591814,-0.47457909877872484
