_MeanReward,Steps,_mean_obs,_min_obs,_max_obs,_std_obs,_mean_act,_min_act,_max_act,_std_act,_mean_adv,_min_adv,_max_adv,_std_adv,_mean_discrew,_min_discrew,_max_discrew,_std_discrew,_Episode,PolicyLoss,PolicyEntropy,KL,Beta,_lr_multiplier,ValFuncLoss,ExplainedVarNew,ExplainedVarOld
453.16162272297413,15038,0.04677239587744134,-1.6608925445576597,3.1315225462474823,0.06064003431645321,0.1019126588018028,-2.263052463531494,3.5053353309631348,0.2946481444117336,1.3229948531242722e-17,-5.510207990944421,9.131019926313604,0.9999806501499389,0.44210448853854845,-0.056974090208901616,0.772202013676345,0.04027695083772798,20,-0.011677911,4.034025,0.008735214,1.5,1.0,0.005897355625715818,0.853628935361562,0.266542330178553
