_MeanReward,Steps,_mean_obs,_min_obs,_max_obs,_std_obs,_mean_act,_min_act,_max_act,_std_act,_mean_adv,_min_adv,_max_adv,_std_adv,_mean_discrew,_min_discrew,_max_discrew,_std_discrew,_Episode,PolicyLoss,PolicyEntropy,KL,Beta,_lr_multiplier,ValFuncLoss,ExplainedVarNew,ExplainedVarOld
7.935051997771062,143,-0.011165980868550005,-0.9763294041536973,0.7907955261489168,0.0391291801893694,0.0415845534412542,-1.7792153358459473,2.014282703399658,0.42139224040190826,-1.3664283380001927e-16,-2.7753611137330236,2.5429808359846335,0.9999129397105463,0.024924724503525175,-0.016741816581462583,0.0790919680768913,0.00046840288882865145,10,-0.06326749,3.5483112,0.012976296,1.5,1.0,0.0012405373329387585,-1.2179253611293115,-0.6593928314236377
