_MeanReward,Steps,_mean_obs,_min_obs,_max_obs,_std_obs,_mean_act,_min_act,_max_act,_std_act,_mean_adv,_min_adv,_max_adv,_std_adv,_mean_discrew,_min_discrew,_max_discrew,_std_discrew,_Episode,PolicyLoss,PolicyEntropy,KL,Beta,_lr_multiplier,ValFuncLoss,ExplainedVarNew,ExplainedVarOld
-1.6999812876599454,168,0.028958305280714552,-0.8115426019079397,1.129334444818035,0.04217932354846067,0.01133419398129696,-1.8737298250198364,2.2804510593414307,0.44639345669439895,6.344131569286608e-17,-2.6277165450712934,2.93201073338466,0.9999188742010855,-0.008970733222565636,-0.043928637310079795,0.014312054380582938,0.00013484991250537926,10,-0.041132458,3.5431604,0.011380765,1.5,1.0,0.00033640954545605936,-1.3956563663014325,-3.3543178259596145
