_MeanReward,Steps,_mean_obs,_min_obs,_max_obs,_std_obs,_mean_act,_min_act,_max_act,_std_act,_mean_adv,_min_adv,_max_adv,_std_adv,_mean_discrew,_min_discrew,_max_discrew,_std_discrew,_Episode,PolicyLoss,PolicyEntropy,KL,Beta,_lr_multiplier,ValFuncLoss,ExplainedVarNew,ExplainedVarOld
1865.4686888464244,46652,0.06461307306180337,-3.89636040483257,4.303461056231949,0.08336029428864537,0.09029075079836074,-3.1908860206604004,4.045860767364502,0.2217655645644374,1.8276843070224645e-18,-10.035467412791114,8.563211935319863,0.9999758744557325,0.7301680733931399,-0.2432061084043712,0.9631175171752134,0.039169519938958286,20,-0.0043677883,2.264347,0.003455329,1.0,1.0,0.003456633874831372,0.9119215456127797,0.24400032763147095
1837.2659489715825,45856,0.0697520627346958,-4.829233720706631,4.221246964210206,0.0850866919032064,0.08993880022569627,-3.162313938140869,3.9295005798339844,0.223883440457133,1.1156463052758028e-17,-16.86113726040413,8.163577043702722,0.9999711971401277,0.7312436130866395,-0.9809298444584575,0.9618340495124419,0.05269147742333477,40,-0.0063880254,2.2434855,0.003440219,1.0,1.0,0.008157500246154083,0.8453347211753515,0.6022863721026146
1939.653916059251,48345,0.07400974173790878,-4.79791960230664,4.172693179595185,0.09108901335702499,0.09034605291365119,-3.081592559814453,3.995687961578369,0.22430703546736608,-2.3515738488285454e-18,-15.849449151256584,14.557306159542373,0.9999747236255202,0.7350645668549036,-0.6229789603961868,0.9665175892245875,0.04649997159434976,60,-0.009214389,2.2167253,0.004462595,1.0,1.0,0.008841039014408112,0.8100159764510606,0.42488484316666686
1643.5937418793073,41974,0.06109625442869695,-4.466372695808687,4.8254674978734124,0.0855004192418918,0.09044965573835381,-3.4421133995056152,4.552151203155518,0.22145299521236222,6.094138868671941e-18,-9.755910025533616,8.60699680549021,0.9999744990042294,0.7100119502913231,-0.2775575438904401,0.957711739079998,0.051926111280631494,80,-0.003748215,2.1937666,0.002803454,1.0,1.0,0.008543478460576086,0.8364291763498484,0.45848712800613367
1704.0562209606421,42402,0.06854884422586029,-4.794811377433042,4.780183846239833,0.09133274637803324,0.08973946710267683,-3.356873035430908,4.424530982971191,0.22393910466874822,-4.692042026622048e-18,-13.759342047262791,15.831180786172002,0.9999749151483139,0.7278532694225833,-0.8557461545605516,0.9576456876395643,0.05844585617776692,100,-0.006256452,2.1704159,0.0032123213,1.0,1.0,0.007227327048221951,0.8770126984094493,0.612401615555755
