_MeanReward,Steps,_mean_obs,_min_obs,_max_obs,_std_obs,_mean_act,_min_act,_max_act,_std_act,_mean_adv,_min_adv,_max_adv,_std_adv,_mean_discrew,_min_discrew,_max_discrew,_std_discrew,_Episode,PolicyLoss,PolicyEntropy,KL,Beta,_lr_multiplier,ValFuncLoss,ExplainedVarNew,ExplainedVarOld
-2.7244297674434446,26,0.012629202857362127,-0.8258745750795093,1.1553804117124593,0.07631589284783355,-0.056868025191271536,-1.3813477754592896,1.2036508321762085,0.2632440499780086,3.202566417187951e-17,-1.0028894813946685,2.404637541110039,0.999949296898226,-0.021441414229694426,-0.03317871974716124,-0.008390027918013706,4.55284101119789e-05,1,-0.11758101,3.6553068,0.014185658,1.5,1.0,0.0001969178474863926,-3.207621430166734,-32.072727477404484
