_MeanReward,Steps,_mean_obs,_min_obs,_max_obs,_std_obs,_mean_act,_min_act,_max_act,_std_act,_mean_adv,_min_adv,_max_adv,_std_adv,_mean_discrew,_min_discrew,_max_discrew,_std_discrew,_Episode,PolicyLoss,PolicyEntropy,KL,Beta,_lr_multiplier,ValFuncLoss,ExplainedVarNew,ExplainedVarOld
-103.05715840435518,323,-0.03587787432715275,-2.5036814276542003,0.88034324277526,0.04946090370350655,-0.15637762758710735,-2.0889837741851807,2.047783374786377,0.3975227534348864,5.719539049462107e-16,-3.2003634872401707,2.8797381032159306,0.9999940580138826,-0.30547997747742606,-1.6895904600192886,0.7282716230929192,0.15335968099289868,30,-0.030376943,3.415718,0.013161833,1.5,1.0,1.5095271661854255,-0.003847474004879725,-0.0026234240977422996
-59.16861604305591,317,-0.032115472587345956,-1.9266439743398562,1.1309521963662943,0.04335481590663956,-0.1473931069250809,-1.987504243850708,2.083479881286621,0.37235686871396156,-3.810481548240285e-16,-2.9107456695672402,3.2731514229486147,0.9999948589411425,-0.2233409451369609,-1.784259135524505,1.0790015163427886,0.2057470240157283,60,-0.031139156,3.4140594,0.012559081,2.25,1.0,0.9248079706747143,-0.0015868964387173445,-0.0013469977124738186
-27.554428088219876,312,-0.0282657714059274,-2.13905956639103,0.9619012770991724,0.04498940104219208,-0.14140134299463497,-2.1550872325897217,1.964308500289917,0.34963523317410433,2.1635115351669717e-16,-2.684893748210635,3.516253853575672,0.9999952798272945,0.010253150227580669,-1.3371027016887818,1.6208562589014717,0.21170931261475687,90,-0.034697376,3.4128797,0.013877814,3.375,1.0,0.40343457120374476,0.00026555082459589485,0.00021952514879064466
28.936366041317047,340,-0.022366434765863516,-2.444256114118822,1.1859828133411061,0.04193889011393824,-0.13063991179224105,-2.2227492332458496,2.5510640144348145,0.3873968323175618,-4.179663151530001e-17,-2.1678851373847983,4.243510732481305,0.9999952303982682,0.1235725548230433,-0.8246641050950098,2.162079981484056,0.21156320073387822,120,-0.016774487,3.4048507,0.0051723165,3.375,1.0,0.25525361893987714,0.001870506222335644,0.0017502636626508528
