_MeanReward,Steps,_mean_obs,_min_obs,_max_obs,_std_obs,_mean_act,_min_act,_max_act,_std_act,_mean_adv,_min_adv,_max_adv,_std_adv,_mean_discrew,_min_discrew,_max_discrew,_std_discrew,_Episode,PolicyLoss,PolicyEntropy,KL,Beta,_lr_multiplier,ValFuncLoss,ExplainedVarNew,ExplainedVarOld
-9.55310753788901,29,-0.02400848771104251,-0.8088242538148649,1.0462317174900377,0.07408374189946254,-0.09694582467962956,-2.0143980979919434,1.5443806648254395,0.48424781736635264,-4.594026308793751e-17,-1.9599297077545055,1.366122295079345,0.9999763015225359,-0.02101264506289834,-0.04494342126163299,-0.00888150006298386,9.834444677811771e-05,1,-0.13530307,3.6441188,0.012445334,1.5,1.0,0.003264275468405614,-28.990370293119152,-66.86072292709116
