_MeanReward,Steps,_mean_obs,_min_obs,_max_obs,_std_obs,_mean_act,_min_act,_max_act,_std_act,_mean_adv,_min_adv,_max_adv,_std_adv,_mean_discrew,_min_discrew,_max_discrew,_std_discrew,_Episode,PolicyLoss,PolicyEntropy,KL,Beta,_lr_multiplier,ValFuncLoss,ExplainedVarNew,ExplainedVarOld
726.85,14537,0.08737022114898509,-0.7778809267884642,1.1769999999999812,0.04971001180153608,0.12608166228887058,-3.1289892196655273,3.508769989013672,0.6979482505372786,-9.775644710189174e-18,-12.122765137202602,3.835225883466181,0.9999467732542284,0.7347807906085857,0.0050000000000000044,0.9972736028540105,0.06604660637431722,20,-0.001169216,0.8919931,0.0012893147,0.6666666666666666,1.0,0.0017871551462668137,0.9730072572491146,0.9222235723409344
