_MeanReward,Steps,_mean_obs,_min_obs,_max_obs,_std_obs,_mean_act,_min_act,_max_act,_std_act,_mean_adv,_min_adv,_max_adv,_std_adv,_mean_discrew,_min_discrew,_max_discrew,_std_discrew,_Episode,PolicyLoss,PolicyEntropy,KL,Beta,_lr_multiplier,ValFuncLoss,ExplainedVarNew,ExplainedVarOld
-2.789783200401451,17,0.0327273925096848,-1.1608088450491494,0.8936241945630318,0.02789452535357053,-0.13518245005980134,-1.8197169303894043,1.1950322389602661,0.38865753071385256,5.877651306839064e-16,-1.6409084508156415,0.9810358360257483,0.999915946594137,-0.01996718613832602,-0.0331701627112125,-0.012313271537939242,2.853505830657624e-05,1,-0.11115297,3.6495469,0.012142855,1.5,1.0,0.0008909178555374625,-28.575918001654646,-30.797151131109175
