_MeanReward,Steps,_mean_obs,_min_obs,_max_obs,_std_obs,_mean_act,_min_act,_max_act,_std_act,_mean_adv,_min_adv,_max_adv,_std_adv,_mean_discrew,_min_discrew,_max_discrew,_std_discrew,_Episode,PolicyLoss,PolicyEntropy,KL,Beta,_lr_multiplier,ValFuncLoss,ExplainedVarNew,ExplainedVarOld
-19.533901542579258,17,0.011674752994434113,-0.8719377911073304,1.0085378930242606,0.0683315230460109,0.013079099137993419,-1.9110677242279053,1.6725729703903198,0.4398319913174764,-2.6122894697062506e-17,-1.4668405862361125,1.6456655649342413,0.9999504572942991,-0.05273589420949517,-0.09365523286943646,-0.017026445563772103,0.000623345334568791,1,-0.09124342,3.654981,0.014678015,1.5,1.0,0.0005309968343003485,0.15381401048203036,-1.5418864989585863
