_MeanReward,Steps,_mean_obs,_min_obs,_max_obs,_std_obs,_mean_act,_min_act,_max_act,_std_act,_mean_adv,_min_adv,_max_adv,_std_adv,_mean_discrew,_min_discrew,_max_discrew,_std_discrew,_Episode,PolicyLoss,PolicyEntropy,KL,Beta,_lr_multiplier,ValFuncLoss,ExplainedVarNew,ExplainedVarOld
-8.488894798080526,27,-0.024650204013311503,-1.0749646831759647,0.7601329604571482,0.06298341919534545,-0.009035741496417258,-1.9220349788665771,1.5405362844467163,0.3628443513809114,-8.22387425648264e-18,-1.963777263098893,0.9786929198928033,0.9999669448761592,-0.01707276532384099,-0.0431340057799837,0.003767702536862267,0.0002632328326413041,1,-0.016385192,3.6320758,0.013449218,1.5,1.0,0.0013984288265014024,-1.0435124550252484,-12.193387820765274
