_MeanReward,Steps,_mean_obs,_min_obs,_max_obs,_std_obs,_mean_act,_min_act,_max_act,_std_act,_mean_adv,_min_adv,_max_adv,_std_adv,_mean_discrew,_min_discrew,_max_discrew,_std_discrew,_Episode,PolicyLoss,PolicyEntropy,KL,Beta,_lr_multiplier,ValFuncLoss,ExplainedVarNew,ExplainedVarOld
-7.332220283030824,177,-0.04123675409933377,-1.1552093742687366,1.0718844915130212,0.057635436457030335,-0.001999434409268453,-2.0487537384033203,2.1524577140808105,0.4214340958259266,-5.519752890791739e-17,-4.035881828871276,3.1762403950565057,0.9999298417169767,-0.029589289293147383,-0.06928070177818155,-0.00023962381657630354,0.00023496754007829926,10,-0.05380616,3.5398953,0.011978636,1.5,1.0,0.0005598036946846415,-0.9305611051795779,-3.328674471385191
