_MeanReward,Steps,_mean_obs,_min_obs,_max_obs,_std_obs,_mean_act,_min_act,_max_act,_std_act,_mean_adv,_min_adv,_max_adv,_std_adv,_mean_discrew,_min_discrew,_max_discrew,_std_discrew,_Episode,PolicyLoss,PolicyEntropy,KL,Beta,_lr_multiplier,ValFuncLoss,ExplainedVarNew,ExplainedVarOld
-1.4768446139375004,337,0.064261320747561,-0.9052380992894339,1.3938510799054566,0.050514471124799724,0.16222707360833663,-2.032167434692383,2.2175300121307373,0.42145753331369984,8.433741670743029e-17,-5.908127832411693,1.7497385207158533,0.9999248967836334,-0.008750865291672476,-0.07573632672956515,0.04833737737003695,0.0008566888393619136,10,-0.02679104,3.464994,0.0137840975,1.5,1.0,0.0012692651763509932,-0.01549448415607868,-0.10038976804430555
