_MeanReward,Steps,_mean_obs,_min_obs,_max_obs,_std_obs,_mean_act,_min_act,_max_act,_std_act,_mean_adv,_min_adv,_max_adv,_std_adv,_mean_discrew,_min_discrew,_max_discrew,_std_discrew,_Episode,PolicyLoss,PolicyEntropy,KL,Beta,_lr_multiplier,ValFuncLoss,ExplainedVarNew,ExplainedVarOld
-9.385329884346369,144,0.01186285909067454,-1.133007192247884,1.3090400647049627,0.0656879772592599,0.03641533975719034,-1.654979944229126,2.091006278991699,0.40069221279645095,4.9343245538895844e-17,-3.019337677556527,1.6977664848548573,0.9999129416288538,-0.033350881059780506,-0.10794357256433192,0.004760380900506382,0.0005156289751490282,10,-0.054107055,3.632544,0.013178325,1.5,1.0,0.0004725632082860787,0.08372785199802468,-0.1857282152530404
