_MeanReward,Steps,_mean_obs,_min_obs,_max_obs,_std_obs,_mean_act,_min_act,_max_act,_std_act,_mean_adv,_min_adv,_max_adv,_std_adv,_mean_discrew,_min_discrew,_max_discrew,_std_discrew,_Episode,PolicyLoss,PolicyEntropy,KL,Beta,_lr_multiplier,ValFuncLoss,ExplainedVarNew,ExplainedVarOld
-27.397125593678545,18,-0.01054576388049952,-1.4111183251569677,2.0348589479064074,0.09526238425390647,0.03254688929559456,-1.4567970037460327,1.5490822792053223,0.4201454440797361,4.0091387000352874e-17,-2.1407816382944165,2.286734724384791,0.9999673394763785,-0.06527693811674651,-0.13176955129435747,-0.010214087675863268,0.0013154220735141383,1,-0.1660813,3.6658673,0.013203157,1.5,1.0,0.0016953835884563088,-0.28442317570025133,-1.690073658686031
