_MeanReward,Steps,_mean_obs,_min_obs,_max_obs,_std_obs,_mean_act,_min_act,_max_act,_std_act,_mean_adv,_min_adv,_max_adv,_std_adv,_mean_discrew,_min_discrew,_max_discrew,_std_discrew,_Episode,PolicyLoss,PolicyEntropy,KL,Beta,_lr_multiplier,ValFuncLoss,ExplainedVarNew,ExplainedVarOld
-1.5917689003660773,83,0.0617188695693338,-1.38927943305371,1.0807430635501607,0.036574595819657975,0.1325054630575455,-2.5578227043151855,2.820564031600952,0.44022020882460466,-7.223137750573307e-17,-1.759043849091474,4.54179070080111,0.9998975753002969,-0.012449027729286844,-0.03632162356044384,0.008651088265312629,0.00011951555894670044,10,-0.063191876,3.5343578,0.012866081,1.5,1.0,0.000282719050347441,-1.3488184313204834,-2.1876616411288015
