_MeanReward,Steps,_mean_obs,_min_obs,_max_obs,_std_obs,_mean_act,_min_act,_max_act,_std_act,_mean_adv,_min_adv,_max_adv,_std_adv,_mean_discrew,_min_discrew,_max_discrew,_std_discrew,_Episode,PolicyLoss,PolicyEntropy,KL,Beta,_lr_multiplier,ValFuncLoss,ExplainedVarNew,ExplainedVarOld
2.764730092984591,272,-0.026616875067529515,-1.2777229743562837,1.6279256053117444,0.05181248574893765,0.04347355346031049,-2.073263645172119,2.2775774002075195,0.3636128425008363,6.530723674265627e-18,-1.1257428387573958,6.636957490286687,0.9999571331333018,0.0048717419196387685,-0.030251122857859407,0.06957921164498455,0.0005046742149746988,10,-0.08159369,3.4513316,0.01251968,1.5,1.0,0.001513803799745192,-1.2692091841085373,-3.6306762072832504
