_MeanReward,Steps,_mean_obs,_min_obs,_max_obs,_std_obs,_mean_act,_min_act,_max_act,_std_act,_mean_adv,_min_adv,_max_adv,_std_adv,_mean_discrew,_min_discrew,_max_discrew,_std_discrew,_Episode,PolicyLoss,PolicyEntropy,KL,Beta,_lr_multiplier,ValFuncLoss,ExplainedVarNew,ExplainedVarOld
314.64327284423547,548,0.028959720698614924,-1.2867160389002383,1.3415923399658205,0.05706887512985184,0.08917529951200233,-1.8842153549194336,2.1295013427734375,0.30266597897479897,0.0,-4.647934981374996,2.345398873203744,0.9999790552566248,0.37500891396967784,-0.03614639458994,0.5847745604626325,0.03841398344612413,1,-0.030579306,4.0969687,0.021652162,1.5,1.0,0.0020695110758037604,0.9566267203380345,0.5066246619138001
