_MeanReward,Steps,_mean_obs,_min_obs,_max_obs,_std_obs,_mean_act,_min_act,_max_act,_std_act,_mean_adv,_min_adv,_max_adv,_std_adv,_mean_discrew,_min_discrew,_max_discrew,_std_discrew,_Episode,PolicyLoss,PolicyEntropy,KL,Beta,_lr_multiplier,ValFuncLoss,ExplainedVarNew,ExplainedVarOld
-45.942251349828226,53,-0.10823256317737867,-1.1999422233267782,1.1162333794544796,0.07188153205327906,-0.09483749090852041,-1.8268218040466309,2.263620138168335,0.3610364937895768,-1.67580833905684e-17,-1.4251528820578148,1.7888183291190014,0.9999805452088927,-0.13192873128666105,-0.19572878689263942,-0.013420490407524249,0.002456575713909723,1,-0.08274391,3.440055,0.013246177,1.5,1.0,0.0033937732343204768,-0.37399567223817387,-4.916330463678341
