_MeanReward,Steps,_mean_obs,_min_obs,_max_obs,_std_obs,_mean_act,_min_act,_max_act,_std_act,_mean_adv,_min_adv,_max_adv,_std_adv,_mean_discrew,_min_discrew,_max_discrew,_std_discrew,_Episode,PolicyLoss,PolicyEntropy,KL,Beta,_lr_multiplier,ValFuncLoss,ExplainedVarNew,ExplainedVarOld
-4.423211059468316,21,0.002440825918550951,-0.794870535180159,1.0117183501883606,0.04893567545815088,0.036856697960978464,-2.0029842853546143,1.3258825540542603,0.4208656832079987,6.872809200060493e-17,-1.4767205655937283,2.4770851136971745,0.9999305391639549,-0.019736338860676855,-0.02726909876621227,-0.012384202709248544,2.4501821243145236e-05,1,-0.16833015,3.6285126,0.013368731,1.5,1.0,0.000155901417254834,-4.666515113142837,-28.8541081714307
