_MeanReward,Steps,_mean_obs,_min_obs,_max_obs,_std_obs,_mean_act,_min_act,_max_act,_std_act,_mean_adv,_min_adv,_max_adv,_std_adv,_mean_discrew,_min_discrew,_max_discrew,_std_discrew,_Episode,PolicyLoss,PolicyEntropy,KL,Beta,_lr_multiplier,ValFuncLoss,ExplainedVarNew,ExplainedVarOld
-6.644972230611863,160,-0.01160927914912362,-1.4712533065624247,1.0206684242988728,0.05246169111386502,0.050669874994491694,-2.160745859146118,1.6135770082473755,0.4203115990460373,-4.4408920985006264e-17,-3.3314089823389152,1.640502799386821,0.9999313372085206,-0.03042807660656131,-0.11227034178147746,0.006060662324501552,0.0008632895109500629,10,-0.057997122,3.566689,0.012629263,1.5,1.0,0.0009256265788088955,-0.07066584624556405,-0.21567218732112514
