_MeanReward,Steps,_mean_obs,_min_obs,_max_obs,_std_obs,_mean_act,_min_act,_max_act,_std_act,_mean_adv,_min_adv,_max_adv,_std_adv,_mean_discrew,_min_discrew,_max_discrew,_std_discrew,_Episode,PolicyLoss,PolicyEntropy,KL,Beta,_lr_multiplier,ValFuncLoss,ExplainedVarNew,ExplainedVarOld
1.364693236689496,171,0.045244261709513615,-0.8010175060184255,0.8846736553075669,0.04016395357496555,0.037798127252063905,-1.7187799215316772,2.579284906387329,0.399375916342358,-6.232831015439475e-17,-3.3146693382530716,2.9753233476752254,0.9998573293265167,-0.0014769171641287732,-0.0228680887067581,0.023417936980902818,9.714736004222533e-05,10,-0.018100597,3.5235288,0.012724397,1.5,1.0,0.00015697739605602393,-0.5907318725815807,-1.1199742108160744
