_MeanReward,Steps,_mean_obs,_min_obs,_max_obs,_std_obs,_mean_act,_min_act,_max_act,_std_act,_mean_adv,_min_adv,_max_adv,_std_adv,_mean_discrew,_min_discrew,_max_discrew,_std_discrew,_Episode,PolicyLoss,PolicyEntropy,KL,Beta,_lr_multiplier,ValFuncLoss,ExplainedVarNew,ExplainedVarOld
593.5460081732547,20036,0.05669850045157164,-4.94819383974877,4.899971866262731,0.06377459844233291,0.10072718949664444,-2.6201183795928955,3.4282119274139404,0.2899227277103416,0.0,-7.756975814368605,6.834612721139462,0.9999736064517885,0.4669166063532176,-0.28773181009084053,0.760422510340688,0.046195336661025176,20,-0.0069106766,3.9639277,0.0062554707,1.5,1.0,0.004361857913407503,0.9056414364858458,0.5510550159755647
672.5730609401396,21849,0.06039336824736884,-5.056003904526445,4.81498042295826,0.06511098340622866,0.10021344193686811,-2.9268953800201416,3.5676448345184326,0.2876994161227597,-5.203297071793493e-18,-6.688118313462771,5.753555380658018,0.9999761407478752,0.4960389093452417,-0.20995828964722513,0.7768422688678197,0.04107564079673644,40,-0.004990541,3.958125,0.0027670392,1.5,1.0,0.006429096140220225,0.8435626877872231,0.45826381891041834
662.5683471855012,22083,0.062144080775740684,-4.37426295683324,4.551885343559127,0.06555222472462001,0.0997965903620967,-2.7927052974700928,3.5053086280822754,0.2847592220971012,1.0296321851344114e-17,-6.874348361105092,5.403712911929148,0.9999742363713457,0.48445457299126976,-0.19051673931699786,0.7390341463726129,0.04264217156555057,60,-0.004239211,3.9641209,0.0024944074,1.5,1.0,0.010687232026440835,0.7560644476458669,0.1516039056070566
674.478317330657,21800,0.05734207912239696,-5.026318550368434,4.816063865111389,0.06551285304451941,0.10112456861495973,-2.585513114929199,3.596865177154541,0.29169147878080603,5.2149925560374325e-18,-7.220270989046342,6.507157533451371,0.9999736491865421,0.5008391421940558,-0.21308627561362584,0.7826990555126778,0.04128155157891082,80,-0.005380612,3.9544916,0.0032727718,1.5,1.0,0.009967452797966125,0.7603605110679511,0.44628123705240375
697.5926982728372,23460,0.06119578481390199,-5.018714797899197,4.855573393301783,0.0748308756565262,0.10408563602078003,-2.4437930583953857,3.7274205684661865,0.2939048203067627,2.4229931313217397e-18,-6.861799525937522,5.434960932987141,0.999973842261655,0.4833144271447762,-0.2521811758644815,0.7920527271526026,0.05357398024983726,100,-0.004313121,3.934369,0.0020035272,1.5,1.0,0.010151621994873482,0.8117866178207647,0.5588877955888947
