_MeanReward,Steps,_mean_obs,_min_obs,_max_obs,_std_obs,_mean_act,_min_act,_max_act,_std_act,_mean_adv,_min_adv,_max_adv,_std_adv,_mean_discrew,_min_discrew,_max_discrew,_std_discrew,_Episode,PolicyLoss,PolicyEntropy,KL,Beta,_lr_multiplier,ValFuncLoss,ExplainedVarNew,ExplainedVarOld
643.7,12874,0.07949958619679327,-0.8416758402022206,1.0041178679866924,0.04378660901345329,0.16520411132171697,-3.069977045059204,3.126075267791748,0.6252169270515372,-1.766146306068293e-17,-14.395348968469083,2.3023761091325463,0.9999331699745623,0.7043650940793654,0.0050000000000000044,0.9894474524658465,0.06644872168778833,20,-0.0022723011,0.8927653,0.0018269878,1.0,1.0,0.001254132185578801,0.9812193606240082,0.9372060773554605
