_MeanReward,Steps,_mean_obs,_min_obs,_max_obs,_std_obs,_mean_act,_min_act,_max_act,_std_act,_mean_adv,_min_adv,_max_adv,_std_adv,_mean_discrew,_min_discrew,_max_discrew,_std_discrew,_Episode,PolicyLoss,PolicyEntropy,KL,Beta,_lr_multiplier,ValFuncLoss,ExplainedVarNew,ExplainedVarOld
267.0398231883232,489,0.02649022457794469,-1.624481704000862,1.8004631584155237,0.05664417345285085,0.10321786538171648,-2.628850221633911,2.2595982551574707,0.2883899752822541,2.9061052587325164e-17,-3.2290437058115313,2.85264870037477,0.9999815751402604,0.31860489223015104,-0.031039352326439368,0.5665035462983258,0.035502801402668274,1,-0.053988144,4.0965133,0.021233901,1.5,1.0,0.0013975058238659722,0.9621749902555016,0.37713273177712436
