_MeanReward,Steps,_mean_obs,_min_obs,_max_obs,_std_obs,_mean_act,_min_act,_max_act,_std_act,_mean_adv,_min_adv,_max_adv,_std_adv,_mean_discrew,_min_discrew,_max_discrew,_std_discrew,_Episode,PolicyLoss,PolicyEntropy,KL,Beta,_lr_multiplier,ValFuncLoss,ExplainedVarNew,ExplainedVarOld
4.701532030201902,470,0.07839824741147362,-0.8243868516141151,1.8868422527325952,0.052086310248261526,0.1931810185276071,-1.7367016077041626,2.339204788208008,0.4028112894267349,1.5117930548087238e-16,-2.294224811638993,2.627891832403564,0.9999237997236454,0.026314125433183552,-0.05904267435371671,0.1210534511942584,0.0022356144841296694,10,-0.019882929,3.4627023,0.013412049,1.5,1.0,0.002571992563350786,0.040363354788893746,0.06125530303280413
