_MeanReward,Steps,_mean_obs,_min_obs,_max_obs,_std_obs,_mean_act,_min_act,_max_act,_std_act,_mean_adv,_min_adv,_max_adv,_std_adv,_mean_discrew,_min_discrew,_max_discrew,_std_discrew,_Episode,PolicyLoss,PolicyEntropy,KL,Beta,_lr_multiplier,ValFuncLoss,ExplainedVarNew,ExplainedVarOld
-35.017556830287994,1500,-0.06777582795504011,-2.5271032201547934,1.5631496325150969,0.0960488820252562,-0.07298555453921048,-2.4242570400238037,2.138730525970459,0.4301232023885832,9.473903143468002e-18,-3.244741830397942,1.8766893844425931,0.9999862988989167,-0.09839770409271857,-0.23674604333166557,-0.002679573468700178,0.002730337316463423,30,-0.0071329237,3.440614,0.006843588,1.5,1.0,0.002112825522238652,0.2288169850451096,-10.402294312006568
-42.5175464355442,1681,-0.04338383595758223,-2.4819355198094115,2.1739800496910933,0.09851895281274664,-0.057500903891479285,-3.1350181102752686,2.222686767578125,0.4418905978553579,8.03111955945384e-17,-2.816056498980068,4.073028362629284,0.9999593326974971,-0.12016727641365416,-0.2905005735579759,-0.00037239393732042825,0.0041635834756855224,60,-0.008340171,3.441353,0.0025055113,1.5,1.0,0.002671933869893881,0.37105023283454996,0.11405376372759035
-35.3087707386201,1406,-0.05085162201541419,-2.2354879443217097,1.9367731202664,0.08256521439551594,-0.06537731884160493,-2.93399715423584,2.1766552925109863,0.4302301191393694,-4.0429174154202004e-17,-3.263194860882228,3.8366083944195553,0.999950962706446,-0.1021455059345684,-0.25187906920625264,-0.0036971360228493766,0.00310019730007153,90,-0.007266753,3.4374568,0.002088976,1.5,1.0,0.0020348628580719188,0.37271656750576676,0.25442341090268594
-31.011099414310344,1481,-0.034908384360129434,-1.8722978555393541,1.9292164462024641,0.07262909107853617,-0.05207682497611371,-2.727367877960205,2.162599802017212,0.42571737587269776,0.0,-4.285123970088832,2.7210487517451383,0.9999451397406086,-0.08976846700858543,-0.2879411818938658,-0.00607965989149068,0.0023697007718809678,120,-0.008463183,3.43118,0.0031403832,1.5,1.0,0.001916589641252094,0.2051687431119995,0.06955979620851149
