_MeanReward,Steps,_mean_obs,_min_obs,_max_obs,_std_obs,_mean_act,_min_act,_max_act,_std_act,_mean_adv,_min_adv,_max_adv,_std_adv,_mean_discrew,_min_discrew,_max_discrew,_std_discrew,_Episode,PolicyLoss,PolicyEntropy,KL,Beta,_lr_multiplier,ValFuncLoss,ExplainedVarNew,ExplainedVarOld
-3.405010913744099,17,0.027234826724534752,-0.6197772861827395,1.1225312252276207,0.0403934417742147,0.05472363317933153,-1.4596047401428223,1.6009553670883179,0.3901654306869064,-1.1755302613678128e-16,-1.657038125328102,1.3876987366254452,0.9999394232808382,-0.020522058096127234,-0.0319945639541994,-0.009046281086222656,3.876843191779325e-05,1,-0.088619575,3.6658206,0.013722378,1.5,1.0,0.002160595396897406,-29.038495074566306,-33.31441663534636
