_MeanReward,Steps,_mean_obs,_min_obs,_max_obs,_std_obs,_mean_act,_min_act,_max_act,_std_act,_mean_adv,_min_adv,_max_adv,_std_adv,_mean_discrew,_min_discrew,_max_discrew,_std_discrew,_Episode,PolicyLoss,PolicyEntropy,KL,Beta,_lr_multiplier,ValFuncLoss,ExplainedVarNew,ExplainedVarOld
2.6398243525630507,166,0.008707382212910961,-0.8802397021641474,1.0629436268800616,0.03541709439814805,0.03683921721124326,-2.207350730895996,2.16308331489563,0.39012575621742457,-5.3504724078320797e-17,-2.8230566556452747,1.7892641900669117,0.9998402302979035,0.003372360073902703,-0.02892356811685104,0.035548875575199056,0.0002123871324146208,10,-0.046217415,3.4853575,0.009691082,1.5,1.0,0.00016890398010233095,0.23796096443538395,0.17061519203941966
