_MeanReward,Steps,_mean_obs,_min_obs,_max_obs,_std_obs,_mean_act,_min_act,_max_act,_std_act,_mean_adv,_min_adv,_max_adv,_std_adv,_mean_discrew,_min_discrew,_max_discrew,_std_discrew,_Episode,PolicyLoss,PolicyEntropy,KL,Beta,_lr_multiplier,ValFuncLoss,ExplainedVarNew,ExplainedVarOld
645.9718562802373,21534,0.058025078220132593,-5.120692215637943,4.981584183557751,0.06948235852638533,0.10096814793155062,-3.225046157836914,3.235422134399414,0.2906271075586457,-1.0558822115874062e-17,-8.782787801034752,18.169294804425306,0.9999830179333218,0.47796919393810194,-0.33391214400609454,0.765068485948168,0.043369383173192985,20,-0.36092237,4.0139585,0.02024641,1.5,1.0,0.005683369867124,0.8690511392511061,0.1989645062479397
