_MeanReward,Steps,_mean_obs,_min_obs,_max_obs,_std_obs,_mean_act,_min_act,_max_act,_std_act,_mean_adv,_min_adv,_max_adv,_std_adv,_mean_discrew,_min_discrew,_max_discrew,_std_discrew,_Episode,PolicyLoss,PolicyEntropy,KL,Beta,_lr_multiplier,ValFuncLoss,ExplainedVarNew,ExplainedVarOld
-2.1457682090293684,24,-0.00010345655113845675,-0.5669524582218506,0.708189495088504,0.037931504709748674,-0.04567361657973379,-1.3890585899353027,1.2463560104370117,0.2919062463184094,1.850371707708594e-17,-2.2137033270580107,1.4207369809081851,0.9998679340598883,-0.012246142397662202,-0.02117683668069617,-0.007325088602586499,1.881621954994661e-05,1,-0.09405823,3.6525643,0.012600402,1.5,1.0,0.00014841515772230762,-5.470209387093518,-10.92927286195516
